id,first_name,last_name,email,gender,ip_address
1,Maryann,Kell,mkell0@army.mil,Female,1.100.153.193
2,Arron,Bartlett,abartlett1@usa.gov,Male,149.156.96.246
3,Deina,Flawith,dflawith2@google.co.jp,Female,103.115.129.124
4,Gradey,Pheasey,gpheasey3@bing.com,Male,209.78.47.221
5,Dalli,Warnock,dwarnock4@walmart.com,Male,228.153.177.249
6,Christy,McEvilly,cmcevilly5@amazon.co.uk,Male,224.31.194.24
7,Uriah,Delf,udelf6@flickr.com,Male,63.48.208.122
8,Dayna,Float,dfloat7@comcast.net,Female,80.250.236.173
9,Constancia,Clayill,cclayill8@examiner.com,Female,75.2.67.162
10,Druci,Blaise,dblaise9@rediff.com,Female,189.77.100.219
11,Kahlil,Bahlmann,kbahlmanna@edublogs.org,Male,112.251.227.226
12,Radcliffe,Mellish,rmellishb@hubpages.com,Male,224.195.206.54
13,Danielle,Dilgarno,ddilgarnoc@bloomberg.com,Female,85.251.179.250
14,Marion,Dunseath,mdunseathd@cargocollective.com,Bigender,97.245.12.97
15,Monika,Hedan,mhedane@jalbum.net,Genderqueer,172.232.251.130
16,Thoma,Siemianowicz,tsiemianowiczf@tripod.com,Male,194.29.70.255
17,Guillermo,Mavin,gmaving@home.pl,Male,101.83.26.246
18,Patrice,Wilsher,pwilsherh@yelp.com,Female,76.61.217.54
19,Barnebas,Guntrip,bguntripi@washington.edu,Male,157.135.127.51
20,Fransisco,Sheward,fshewardj@yolasite.com,Genderqueer,133.126.132.171
21,Billy,Marsh,bmarshk@ebay.co.uk,Male,206.242.245.148
22,Carey,Lamberteschi,clamberteschil@cyberchimps.com,Male,144.109.152.185
23,Kaile,Purselowe,kpurselowem@huffingtonpost.com,Female,173.13.206.10
24,Donnell,Jakeway,djakewayn@spiegel.de,Male,110.203.138.210
25,Lydia,Seine,lseineo@yellowpages.com,Genderqueer,146.97.103.12
26,Reiko,Flaverty,rflavertyp@51.la,Female,74.42.49.31
27,Imogen,Duffet,iduffetq@infoseek.co.jp,Female,9.158.215.121
28,Bay,Baptiste,bbaptister@woothemes.com,Male,126.18.38.246
29,Kristofor,Weson,kwesons@vkontakte.ru,Male,191.178.180.77
30,Gwynne,Stilly,gstillyt@newyorker.com,Female,207.127.153.132
31,Judye,Allsupp,jallsuppu@nyu.edu,Female,67.193.224.106
32,Noel,Fautley,nfautleyv@cam.ac.uk,Male,47.90.191.16
33,Aaron,Noddle,anoddlew@pcworld.com,Male,93.62.181.231
34,Felizio,Tenniswood,ftenniswoodx@booking.com,Male,60.48.180.86
35,Christoph,Cheater,ccheatery@illinois.edu,Male,207.161.242.88
36,Myron,Fallow,mfallowz@feedburner.com,Male,167.65.137.152
37,Fiona,Longthorn,flongthorn10@unicef.org,Female,42.137.19.171
38,Elliott,Rolfs,erolfs11@jalbum.net,Male,203.237.139.202
39,Waneta,Terney,wterney12@sphinn.com,Polygender,111.243.253.140
40,Hyman,Matis,hmatis13@dell.com,Male,87.54.80.148
41,Ogdan,Shelliday,oshelliday14@example.com,Male,224.6.134.16
42,Lorine,Kenen,lkenen15@wikipedia.org,Female,197.51.211.231
43,Normand,Ryburn,nryburn16@theguardian.com,Male,78.184.109.92
44,Dareen,Wilgar,dwilgar17@amazon.com,Female,210.167.129.237
45,Rosalinda,Lossman,rlossman18@opera.com,Female,200.135.79.38
46,Robert,Lakenton,rlakenton19@dell.com,Male,147.224.111.109
47,Cori,Godbald,cgodbald1a@sohu.com,Polygender,28.173.235.197
48,Corbin,Perry,cperry1b@reference.com,Male,212.83.5.141
49,Reba,Feldhammer,rfeldhammer1c@cisco.com,Female,123.210.50.71
50,Orson,Yarnell,oyarnell1d@ask.com,Male,167.199.79.75
51,Daryn,Chmarny,dchmarny1e@intel.com,Female,187.116.236.42
52,Christy,Arrington,carrington1f@blogspot.com,Male,27.254.27.243
53,Joannes,Lambregts,jlambregts1g@sourceforge.net,Female,193.194.113.67
54,Judye,McTear,jmctear1h@google.nl,Female,116.234.54.163
55,Randa,Brotheridge,rbrotheridge1i@shareasale.com,Female,205.109.39.199
56,Nap,Harmour,nharmour1j@example.com,Male,189.143.170.179
57,Bay,Gillis,bgillis1k@imdb.com,Non-binary,84.57.121.154
58,Claretta,Berthomier,cberthomier1l@bloomberg.com,Female,144.95.19.234
59,Justina,Briztman,jbriztman1m@wordpress.com,Female,138.123.200.61
60,Phillida,Glozman,pglozman1n@oaic.gov.au,Female,30.44.74.144
61,Michaella,Tesdale,mtesdale1o@people.com.cn,Female,81.232.139.64
62,Gale,Benfield,gbenfield1p@amazonaws.com,Female,179.182.196.150
63,Sher,Tinmouth,stinmouth1q@ucoz.ru,Female,62.201.138.107
64,Antonius,Ryley,aryley1r@va.gov,Male,54.24.202.56
65,Peggi,Elcoate,pelcoate1s@delicious.com,Genderfluid,229.85.137.222
66,Liv,Tathacott,ltathacott1t@wsj.com,Female,147.213.115.24
67,Annice,Budcock,abudcock1u@google.cn,Genderfluid,211.23.126.88
68,Elwyn,Extence,eextence1v@biblegateway.com,Male,37.221.182.167
69,Vivyan,Fosten,vfosten1w@businesswire.com,Female,230.51.243.140
70,Felice,Cotta,fcotta1x@rediff.com,Male,177.178.87.21
71,Adora,Gotmann,agotmann1y@cnn.com,Non-binary,46.236.119.252
72,Chan,Ivanishev,civanishev1z@about.com,Non-binary,62.155.67.40
73,Ramonda,Keaveney,rkeaveney20@ucoz.ru,Female,157.37.189.217
74,Oona,Aleswell,oaleswell21@lulu.com,Genderfluid,224.104.39.156
75,Jerrie,Houlridge,jhoulridge22@washingtonpost.com,Genderqueer,89.43.241.198
76,Cornelle,Tureville,ctureville23@discuz.net,Female,220.143.89.231
77,Bev,Lamerton,blamerton24@surveymonkey.com,Genderfluid,209.41.152.220
78,Durant,Hattersley,dhattersley25@newyorker.com,Male,92.224.12.80
79,Juieta,Gwynne,jgwynne26@theglobeandmail.com,Female,127.159.227.200
80,Karine,Healy,khealy27@people.com.cn,Female,9.57.117.143
81,Daryl,Twinbourne,dtwinbourne28@bandcamp.com,Female,25.176.191.194
82,Chilton,Hune,chune29@weebly.com,Male,189.120.147.4
83,Perrine,Mauditt,pmauditt2a@noaa.gov,Female,101.149.204.11
84,Natividad,Kimblin,nkimblin2b@state.tx.us,Female,254.71.36.15
85,Dyan,O'Hara,dohara2c@123-reg.co.uk,Female,214.156.246.50
86,Francesca,Todeo,ftodeo2d@arstechnica.com,Female,108.94.135.223
87,Eden,Greenmon,egreenmon2e@si.edu,Female,139.163.58.66
88,Doreen,Millward,dmillward2f@salon.com,Female,47.50.139.100
89,Katleen,Laurent,klaurent2g@tumblr.com,Female,59.165.95.156
90,Sanders,Januszewski,sjanuszewski2h@dailymail.co.uk,Male,152.137.197.60
91,Morlee,Lines,mlines2i@unesco.org,Male,149.237.116.132
92,Emalee,Teers,eteers2j@moonfruit.com,Genderfluid,169.208.66.53
93,Cecelia,Tucknutt,ctucknutt2k@slashdot.org,Female,78.36.88.170
94,Lynsey,Blaney,lblaney2l@reuters.com,Female,108.97.57.107
95,Justinn,Crasswell,jcrasswell2m@bluehost.com,Female,111.26.204.22
96,Boniface,Moyne,bmoyne2n@comcast.net,Genderfluid,49.255.79.172
97,Teddie,Redding,tredding2o@histats.com,Male,207.159.142.173
98,Stephen,Gales,sgales2p@auda.org.au,Male,151.118.167.38
99,Neils,Piborn,npiborn2q@pen.io,Male,23.223.227.65
100,Mickie,Duffitt,mduffitt2r@noaa.gov,Male,110.200.107.218
101,Miof mela,Dell'Abbate,mdellabbate2s@omniture.com,Female,177.238.219.247
102,Troy,Stanion,tstanion2t@merriam-webster.com,Male,13.35.150.20
103,Gearard,Skirving,gskirving2u@ycombinator.com,Male,175.72.39.216
104,Marian,Matuszkiewicz,mmatuszkiewicz2v@nymag.com,Female,220.104.82.197
105,Clara,Dunlop,cdunlop2w@wikispaces.com,Non-binary,192.94.187.151
106,Annecorinne,Ramos,aramos2x@theatlantic.com,Female,31.129.46.60
107,Verena,Samworth,vsamworth2y@opensource.org,Female,199.198.228.164
108,Granthem,Vasilov,gvasilov2z@yelp.com,Male,98.108.129.248
109,Hyacintha,Cambden,hcambden30@webnode.com,Female,9.39.58.92
110,Joline,Ralton,jralton31@ucoz.ru,Female,16.163.249.59
111,Kathie,Duffett,kduffett32@zdnet.com,Female,6.90.49.241
112,Maggee,McIllrick,mmcillrick33@pinterest.com,Female,8.186.188.112
113,Alexina,McCoole,amccoole34@bloomberg.com,Female,132.187.36.29
114,Deva,Grogan,dgrogan35@twitpic.com,Non-binary,161.182.229.133
115,Greggory,Skule,gskule36@amazonaws.com,Male,33.136.74.223
116,Elicia,Rogans,erogans37@deviantart.com,Female,29.139.112.2
117,Aeriela,Pursglove,apursglove38@technorati.com,Female,18.22.188.87
118,Hillel,Wilmore,hwilmore39@soup.io,Male,227.37.199.6
119,Neilla,Camacke,ncamacke3a@over-blog.com,Female,193.10.93.145
120,Budd,Gerhts,bgerhts3b@state.gov,Male,117.133.52.190
121,Pet,Drogan,pdrogan3c@economist.com,Female,212.225.249.156
122,Corrie,Halwood,chalwood3d@prweb.com,Male,56.86.182.122
123,Rochelle,Latliff,rlatliff3e@soup.io,Genderqueer,254.253.37.96
124,Giles,Stonuary,gstonuary3f@nyu.edu,Male,210.205.91.182
125,Elnar,Tempest,etempest3g@pbs.org,Male,0.146.84.81
126,Jodi,Sargant,jsargant3h@salon.com,Male,5.225.1.129
127,Dolorita,Smallpiece,dsmallpiece3i@topsy.com,Female,177.207.252.190
128,Errick,Pidgeley,epidgeley3j@army.mil,Male,32.228.39.99
129,Vinnie,Bambery,vbambery3k@com.com,Female,25.45.107.95
130,Tonya,Arondel,tarondel3l@youtube.com,Female,113.37.111.179
131,Leora,Locard,llocard3m@csmonitor.com,Female,26.147.92.200
132,Fritz,Redler,fredler3n@apple.com,Male,96.93.85.122
133,Moe,Barnaclough,mbarnaclough3o@privacy.gov.au,Male,218.136.251.235
134,Byrle,Hillyatt,bhillyatt3p@squidoo.com,Non-binary,45.141.151.153
135,Zacharias,Bird,zbird3q@a8.net,Male,178.187.186.118
136,Myriam,Broseke,mbroseke3r@fastcompany.com,Female,101.86.17.102
137,Lauraine,Brotherhead,lbrotherhead3s@xing.com,Female,123.128.147.89
138,Layla,Sunnucks,lsunnucks3t@networksolutions.com,Female,70.251.214.215
139,Odelle,Brissard,obrissard3u@nifty.com,Female,163.189.61.240
140,Napoleon,Burbury,nburbury3v@guardian.co.uk,Non-binary,116.158.4.86
141,Bryce,Stango,bstango3w@google.cn,Male,18.130.59.224
142,Gareth,Sodor,gsodor3x@slashdot.org,Male,235.146.239.13
143,Blayne,Rabbitts,brabbitts3y@npr.org,Male,248.166.90.181
144,Arlan,Henriet,ahenriet3z@chron.com,Male,222.79.44.151
145,Delmore,Whitefoot,dwhitefoot40@feedburner.com,Male,219.238.185.94
146,Valina,Lehemann,vlehemann41@cdc.gov,Female,197.114.32.75
147,Anders,Standage,astandage42@sciencedirect.com,Male,36.49.163.169
148,Alexis,Wix,awix43@amazon.com,Genderqueer,164.136.165.145
149,Obediah,Tilsley,otilsley44@wired.com,Male,236.136.74.149
150,Taffy,Huggen,thuggen45@lulu.com,Female,15.117.12.32
151,Aurore,Molines,amolines46@cmu.edu,Female,178.121.155.209
152,Ber,Choupin,bchoupin47@meetup.com,Male,84.138.88.8
153,Cooper,Lugton,clugton48@bbb.org,Male,81.252.110.48
154,Micah,Writtle,mwrittle49@sakura.ne.jp,Male,75.169.103.240
155,Gabriel,Tyce,gtyce4a@weather.com,Male,135.96.179.5
156,Andy,Barwick,abarwick4b@epa.gov,Female,197.96.179.120
157,Meryl,Frood,mfrood4c@cmu.edu,Male,77.188.16.8
158,Nani,Foucard,nfoucard4d@si.edu,Non-binary,86.243.142.199
159,Ayn,Gregorio,agregorio4e@vkontakte.ru,Non-binary,176.8.66.165
160,Erinn,Cowlin,ecowlin4f@unicef.org,Female,98.188.123.60
161,Tomlin,Shildrake,tshildrake4g@desdev.cn,Male,170.177.185.147
162,Sarine,Tewkesberrie,stewkesberrie4h@freewebs.com,Female,16.104.246.241
163,Malachi,Canero,mcanero4i@tumblr.com,Male,139.137.179.233
164,Briant,Hubbocks,bhubbocks4j@dailymail.co.uk,Male,212.47.158.204
165,Malinda,Airton,mairton4k@go.com,Female,169.101.101.179
166,Irwinn,Layhe,ilayhe4l@springer.com,Male,197.90.125.255
167,Gillan,Bickerton,gbickerton4m@wsj.com,Female,185.239.160.72
168,Roman,Vassar,rvassar4n@yellowpages.com,Male,171.46.16.109
169,Jennette,Cleyburn,jcleyburn4o@imageshack.us,Female,116.47.127.76
170,Crichton,Crownshaw,ccrownshaw4p@mapy.cz,Male,80.75.16.98
171,Sam,Damato,sdamato4q@smugmug.com,Male,123.61.178.46
172,Farr,Spinozzi,fspinozzi4r@accuweather.com,Male,133.230.214.192
173,Sherri,Butler,sbutler4s@latimes.com,Female,59.94.38.171
174,Dur,Scriviner,dscriviner4t@businessweek.com,Male,9.149.118.215
175,Mickie,Laying,mlaying4u@booking.com,Non-binary,80.98.184.174
176,Averil,Eardley,aeardley4v@epa.gov,Female,116.54.134.180
177,Caria,Sydenham,csydenham4w@examiner.com,Female,255.160.54.68
178,Shena,Zoppie,szoppie4x@wired.com,Female,122.151.202.10
179,Dore,Barriball,dbarriball4y@yale.edu,Male,146.161.41.151
180,Brinn,Barnwill,bbarnwill4z@1688.com,Female,11.100.29.204
181,Muffin,Kellitt,mkellitt50@admin.ch,Male,170.77.81.98
182,Evin,McGuckin,emcguckin51@delicious.com,Male,34.195.36.153
183,Danella,McQuaker,dmcquaker52@zimbio.com,Female,191.183.251.66
184,Vicki,Jay,vjay53@walmart.com,Non-binary,213.74.165.103
185,Andeee,Ruscoe,aruscoe54@reference.com,Female,102.3.45.105
186,Ramona,Laydon,rlaydon55@google.com,Female,3.168.67.85
187,Doralin,Uzielli,duzielli56@cargocollective.com,Female,129.66.69.76
188,Owen,Rochelle,orochelle57@europa.eu,Male,240.159.220.109
189,Madelin,Haslock(e),mhaslocke58@desdev.cn,Female,56.224.31.71
190,Gay,Iapico,giapico59@hostgator.com,Female,79.72.70.92
191,Tybie,Mattityahou,tmattityahou5a@tmall.com,Female,160.247.164.232
192,Waldon,Halgarth,whalgarth5b@uol.com.br,Male,250.168.67.153
193,Neely,Vogeler,nvogeler5c@myspace.com,Female,230.179.94.139
194,Daryle,Pitsall,dpitsall5d@dell.com,Male,138.190.51.249
195,Caprice,Renard,crenard5e@clickbank.net,Female,98.202.170.240
196,Charita,Templar,ctemplar5f@si.edu,Female,126.231.17.47
197,Uriel,Timny,utimny5g@livejournal.com,Male,124.74.217.59
198,Lane,Beyn,lbeyn5h@abc.net.au,Male,14.74.248.108
199,Alberto,Tuxsell,atuxsell5i@ifeng.com,Male,79.151.53.184
200,Vite,D'Almeida,vdalmeida5j@ehow.com,Male,39.91.7.58
201,Andrey,Heephy,aheephy5k@eepurl.com,Male,70.88.20.64
202,Cass,Mould,cmould5l@spiegel.de,Male,20.204.52.54
203,Hedwig,Fitchet,hfitchet5m@pcworld.com,Female,9.117.177.8
204,Cort,Ogelsby,cogelsby5n@europa.eu,Male,163.199.127.27
205,Shandeigh,Rickets,srickets5o@unblog.fr,Non-binary,43.91.195.68
206,Freemon,Westmore,fwestmore5p@omniture.com,Male,233.73.104.136
207,Darb,Giacomozzo,dgiacomozzo5q@google.de,Male,0.151.234.3
208,Murray,Lindsell,mlindsell5r@ameblo.jp,Male,54.220.71.152
209,Carma,Cordaroy,ccordaroy5s@technorati.com,Genderqueer,76.85.58.21
210,Clint,McLae,cmclae5t@disqus.com,Male,249.160.23.223
211,Broddy,Khrishtafovich,bkhrishtafovich5u@mapy.cz,Male,249.72.214.170
212,Sukey,Itzkowicz,sitzkowicz5v@purevolume.com,Polygender,88.157.57.240
213,Skell,Farmar,sfarmar5w@vistaprint.com,Male,169.149.11.161
214,Luciano,Gable,lgable5x@state.tx.us,Male,152.108.40.245
215,Court,Alywin,calywin5y@springer.com,Male,14.226.220.98
216,Olly,Biagini,obiagini5z@mail.ru,Male,93.96.128.8
217,Kelsey,Baukham,kbaukham60@eepurl.com,Male,122.49.80.62
218,Dacie,Tarburn,dtarburn61@hao123.com,Female,236.62.204.17
219,Yuri,Guiton,yguiton62@cdc.gov,Genderfluid,83.173.136.161
220,Celestyn,Pawellek,cpawellek63@mit.edu,Female,2.20.132.223
221,Leilah,Blackaller,lblackaller64@google.ca,Female,212.72.128.99
222,Ardisj,Turley,aturley65@blinklist.com,Female,119.249.215.199
223,Herminia,Sundin,hsundin66@histats.com,Female,136.56.150.110
224,Griselda,Repper,grepper67@ucoz.ru,Female,90.60.121.17
225,Brittani,McGorman,bmcgorman68@creativecommons.org,Female,218.207.91.84
226,Daniele,Clendening,dclendening69@desdev.cn,Female,239.227.239.68
227,Addie,Giacometti,agiacometti6a@oaic.gov.au,Female,138.238.250.199
228,Aksel,Giuron,agiuron6b@delicious.com,Male,207.213.40.200
229,Francoise,Shelliday,fshelliday6c@washington.edu,Female,194.253.96.57
230,Elna,Gwatkin,egwatkin6d@typepad.com,Female,234.234.236.10
231,Michael,Bonhill,mbonhill6e@gov.uk,Male,167.234.73.113
232,Ortensia,Casella,ocasella6f@craigslist.org,Female,4.72.222.93
233,Bertine,Tupie,btupie6g@google.cn,Female,79.251.207.194
234,Gasper,Klaggeman,gklaggeman6h@alibaba.com,Male,186.219.47.145
235,Ladonna,Trudgion,ltrudgion6i@chicagotribune.com,Female,53.101.14.67
236,Lyssa,Rishworth,lrishworth6j@prnewswire.com,Genderqueer,39.23.190.80
237,Karim,MacMoyer,kmacmoyer6k@about.me,Male,59.133.21.63
238,Oralee,Britian,obritian6l@dot.gov,Female,137.94.147.155
239,Joya,Spellar,jspellar6m@cmu.edu,Female,173.227.133.130
240,Donella,Taverner,dtaverner6n@smh.com.au,Female,164.99.240.172
241,Wolfgang,Vye,wvye6o@usgs.gov,Male,169.93.96.156
242,Davina,Rochelle,drochelle6p@mysql.com,Female,223.208.203.246
243,Maurizio,Denerley,mdenerley6q@bing.com,Male,93.157.29.152
244,Jordana,Wadeling,jwadeling6r@skype.com,Female,86.151.83.205
245,Bessie,Form,bform6s@stumbleupon.com,Female,233.107.35.72
246,Seumas,Snodin,ssnodin6t@wix.com,Male,159.101.45.44
247,Elihu,Kopecka,ekopecka6u@upenn.edu,Male,230.195.150.158
248,Linzy,Halfpenny,lhalfpenny6v@tuttocitta.it,Female,158.82.18.233
249,Aimee,Fall,afall6w@mayoclinic.com,Female,107.86.86.99
250,Vallie,Lagneaux,vlagneaux6x@mayoclinic.com,Female,167.61.96.202
251,Darrick,Kettlestringe,dkettlestringe6y@soup.io,Male,56.246.69.35
252,Daryl,Cokayne,dcokayne6z@dion.ne.jp,Genderfluid,140.12.51.38
253,Sybyl,Desesquelle,sdesesquelle70@cisco.com,Female,117.144.109.152
254,Elianora,Speechley,espeechley71@mail.ru,Female,219.30.23.216
255,Serena,Ors,sors72@indiegogo.com,Female,181.206.253.196
256,Marcy,Pullin,mpullin73@craigslist.org,Female,128.186.87.237
257,Lucius,Berntsson,lberntsson74@bbc.co.uk,Male,241.224.95.118
258,Emmi,Turville,eturville75@mail.ru,Female,250.107.119.159
259,Anastasia,Valsler,avalsler76@youtube.com,Female,219.67.56.253
260,Wendeline,Ferruzzi,wferruzzi77@dailymotion.com,Female,12.25.46.94
261,Camille,Bett,cbett78@seesaa.net,Female,12.0.130.29
262,Elena,Carthew,ecarthew79@illinois.edu,Female,114.173.3.219
263,Ollie,Creebo,ocreebo7a@statcounter.com,Female,217.123.68.140
264,Caleb,Berzons,cberzons7b@loc.gov,Male,124.129.165.154
265,Parke,Whitefoot,pwhitefoot7c@yellowbook.com,Agender,40.97.229.85
266,Heddi,Lomb,hlomb7d@ning.com,Female,128.193.168.236
267,Wilek,Pereira,wpereira7e@slideshare.net,Male,105.239.0.71
268,Dido,Medendorp,dmedendorp7f@msu.edu,Female,223.132.180.13
269,Antone,Grinikhinov,agrinikhinov7g@ocn.ne.jp,Male,110.221.173.49
270,Web,Migheli,wmigheli7h@nydailynews.com,Male,198.114.101.54
271,Husain,Huncote,hhuncote7i@a8.net,Male,15.226.222.155
272,Cherianne,Viger,cviger7j@google.ca,Female,182.152.91.132
273,Melany,Windmill,mwindmill7k@a8.net,Female,128.44.240.255
274,Boyce,Puddicombe,bpuddicombe7l@gmpg.org,Male,106.122.217.185
275,Thebault,Lock,tlock7m@nsw.gov.au,Male,121.221.88.133
276,Robin,Birds,rbirds7n@seesaa.net,Female,247.228.29.166
277,Harley,Dike,hdike7o@woothemes.com,Male,96.147.118.146
278,Lorena,Sinderland,lsinderland7p@nps.gov,Female,202.153.155.0
279,Issi,Bluschke,ibluschke7q@netlog.com,Female,84.165.144.66
280,Harman,Halfacre,hhalfacre7r@biglobe.ne.jp,Male,196.204.9.149
281,Lelah,Branson,lbranson7s@umich.edu,Female,233.158.45.110
282,Packston,Berkeley,pberkeley7t@people.com.cn,Male,58.248.11.235
283,Brewer,Crocket,bcrocket7u@technorati.com,Male,40.185.185.19
284,Lebbie,Spikings,lspikings7v@webeden.co.uk,Agender,29.237.179.253
285,Tabor,Tester,ttester7w@europa.eu,Male,155.218.38.138
286,Arny,Liversedge,aliversedge7x@springer.com,Male,55.60.251.142
287,Stormi,Lamburne,slamburne7y@fc2.com,Female,55.205.3.242
288,Willetta,Dilnot,wdilnot7z@nbcnews.com,Female,4.103.206.253
289,Rees,Marti,rmarti80@uol.com.br,Male,177.26.209.185
290,Yettie,Tume,ytume81@irs.gov,Female,188.63.53.239
291,Jodi,Sickling,jsickling82@unc.edu,Female,91.244.170.169
292,Orly,Ponsford,oponsford83@parallels.com,Female,22.102.206.190
293,Beale,Sayce,bsayce84@sciencedirect.com,Male,53.83.253.100
294,Dwight,Norrey,dnorrey85@phoca.cz,Male,131.57.89.193
295,Engelbert,Ramlot,eramlot86@fc2.com,Male,194.225.99.55
296,Eleanore,Vereker,evereker87@xrea.com,Female,138.162.75.21
297,Jordain,Rallinshaw,jrallinshaw88@ucoz.ru,Agender,154.248.206.23
298,Freddy,Assiter,fassiter89@cyberchimps.com,Female,209.240.128.72
299,Miner,Gantzer,mgantzer8a@sun.com,Bigender,68.143.29.13
300,Dulcea,Mosson,dmosson8b@ted.com,Female,32.253.111.223
301,Nichole,Pleasants,npleasants8c@ask.com,Female,116.207.74.139
302,Ophelie,Kynd,okynd8d@engadget.com,Genderqueer,72.20.127.78
303,Jessee,Dubock,jdubock8e@taobao.com,Male,208.153.30.158
304,Thoma,Burrett,tburrett8f@hhs.gov,Male,49.64.54.213
305,Masha,Melross,mmelross8g@noaa.gov,Female,157.7.191.216
306,Alyosha,De Filippi,adefilippi8h@gravatar.com,Male,212.44.201.201
307,Lindsey,Tilling,ltilling8i@mozilla.org,Female,245.53.134.154
308,Ernesto,Faivre,efaivre8j@nydailynews.com,Male,204.246.136.251
309,Marv,Condliffe,mcondliffe8k@yellowpages.com,Male,168.80.54.60
310,Amalia,Mainland,amainland8l@prlog.org,Female,56.73.202.102
311,Roberta,Shakle,rshakle8m@ucoz.com,Female,116.198.133.64
312,Sigvard,Chadd,schadd8n@naver.com,Male,81.216.28.21
313,Olav,Bice,obice8o@amazon.de,Male,244.129.150.196
314,Verile,Beere,vbeere8p@flavors.me,Female,184.139.159.249
315,Bernie,Peele,bpeele8q@live.com,Male,202.111.144.188
316,Annabal,Bartlosz,abartlosz8r@ted.com,Female,201.68.39.13
317,Alfonse,Robeiro,arobeiro8s@privacy.gov.au,Male,147.152.27.235
318,Shamus,Dugan,sdugan8t@sogou.com,Male,5.245.76.216
319,Raddy,Balsdon,rbalsdon8u@elegantthemes.com,Male,75.229.226.194
320,Augie,Skene,askene8v@networksolutions.com,Male,200.191.73.242
321,Morton,Shelbourne,mshelbourne8w@theglobeandmail.com,Male,7.39.0.169
322,Sharleen,Grunder,sgrunder8x@forbes.com,Female,84.36.21.246
323,Culver,Rodder,crodder8y@dropbox.com,Male,9.76.238.254
324,Osbourn,Sneesby,osneesby8z@wufoo.com,Male,104.158.160.245
325,Garner,Measor,gmeasor90@imageshack.us,Male,151.6.152.71
326,West,Levinge,wlevinge91@list-manage.com,Male,165.47.152.39
327,Geraldine,Coetzee,gcoetzee92@jigsy.com,Female,156.99.178.40
328,Joletta,De-Ville,jdeville93@google.com.hk,Female,161.108.25.205
329,Sheila-kathryn,Simonaitis,ssimonaitis94@cbsnews.com,Female,9.247.189.108
330,Clerissa,Brimfield,cbrimfield95@lycos.com,Female,69.164.6.88
331,Benny,Hawkridge,bhawkridge96@merriam-webster.com,Male,20.48.199.74
332,Guinevere,Tait,gtait97@nymag.com,Female,185.192.195.75
333,Elysia,Kubasiewicz,ekubasiewicz98@opensource.org,Female,155.131.10.249
334,Frazer,Moyse,fmoyse99@1688.com,Male,73.16.151.24
335,Margaret,Johnikin,mjohnikin9a@i2i.jp,Female,158.5.95.42
336,Hildagard,Gowar,hgowar9b@scribd.com,Female,149.20.167.176
337,Magnum,Cayton,mcayton9c@facebook.com,Male,154.213.88.115
338,Josias,Antognozzii,jantognozzii9d@printfriendly.com,Male,25.130.96.115
339,Fransisco,Veque,fveque9e@about.me,Male,112.86.41.12
340,Ariadne,Storrah,astorrah9f@businessinsider.com,Female,201.142.216.10
341,Amby,Stirley,astirley9g@arizona.edu,Male,180.113.145.177
342,Shannon,Drayton,sdrayton9h@ustream.tv,Male,237.9.151.179
343,Felita,Hathwood,fhathwood9i@youku.com,Female,179.34.197.141
344,Pattin,Hansley,phansley9j@google.co.jp,Male,74.161.61.47
345,Gabbey,Perrett,gperrett9k@columbia.edu,Female,207.88.158.190
346,Kissee,Titterington,ktitterington9l@europa.eu,Female,234.150.1.178
347,Dar,Dreakin,ddreakin9m@squidoo.com,Genderfluid,234.123.220.196
348,Erminia,Kaysor,ekaysor9n@goodreads.com,Genderqueer,203.194.229.180
349,Clarita,Sayre,csayre9o@purevolume.com,Female,163.242.233.231
350,Myles,Barbery,mbarbery9p@devhub.com,Male,193.195.230.30
351,Avery,Wadie,awadie9q@facebook.com,Male,109.58.68.57
352,Stephi,Hurdidge,shurdidge9r@spiegel.de,Female,235.163.9.45
353,Aubree,Wilkie,awilkie9s@mtv.com,Female,26.218.191.80
354,Anatol,Cheers,acheers9t@bloomberg.com,Male,4.78.165.44
355,Alard,Pasticznyk,apasticznyk9u@bizjournals.com,Male,38.49.70.200
356,Seline,Bredbury,sbredbury9v@dyndns.org,Female,180.168.185.1
357,Winne,Halwood,whalwood9w@statcounter.com,Female,191.34.125.81
358,Geneva,Keyhoe,gkeyhoe9x@mozilla.org,Female,59.217.8.166
359,Karyn,Dagless,kdagless9y@dailymail.co.uk,Female,12.237.86.15
360,Aubrey,Willan,awillan9z@wsj.com,Male,127.60.21.150
361,Evered,Rounsefull,erounsefulla0@wordpress.org,Male,95.19.28.163
362,Norry,Henningham,nhenninghama1@pen.io,Polygender,233.92.63.26
363,Carmelle,Fredy,cfredya2@xing.com,Female,58.169.250.163
364,Elbertine,Underdown,eunderdowna3@china.com.cn,Female,222.212.45.8
365,Pierrette,Amys,pamysa4@a8.net,Female,22.211.57.93
366,Lida,Spatoni,lspatonia5@issuu.com,Female,166.115.248.179
367,Amos,Pirt,apirta6@opera.com,Male,117.215.197.46
368,Danice,Castelijn,dcastelijna7@scribd.com,Agender,31.103.217.205
369,Amalea,Carnduff,acarnduffa8@privacy.gov.au,Female,67.196.189.96
370,Darrell,Dash,ddasha9@imgur.com,Polygender,175.143.246.191
371,Sutherlan,Gurry,sgurryaa@ezinearticles.com,Male,230.224.150.12
372,Gail,Kayne,gkayneab@google.com.hk,Female,207.247.213.150
373,Warren,Stringfellow,wstringfellowac@dot.gov,Male,138.12.184.116
374,Elfie,Duffie,eduffiead@disqus.com,Female,196.183.21.166
375,Melinde,Anyene,manyeneae@toplist.cz,Female,188.59.193.188
376,Bear,Habbal,bhabbalaf@omniture.com,Male,48.201.65.241
377,Tymothy,Quadling,tquadlingag@umich.edu,Male,0.224.113.169
378,Fianna,Veryan,fveryanah@patch.com,Female,120.145.184.50
379,Ddene,Dundridge,ddundridgeai@guardian.co.uk,Female,169.44.49.103
380,Ruggiero,Hans,rhansaj@google.de,Male,6.223.94.1
381,Stephana,McGrann,smcgrannak@blinklist.com,Female,74.49.81.140
382,Killie,Goodier,kgoodieral@si.edu,Male,8.88.169.8
383,Analiese,Lamport,alamportam@friendfeed.com,Female,47.117.76.113
384,Brockie,Gavriel,bgavrielan@yellowpages.com,Male,40.255.92.141
385,Rani,Delgua,rdelguaao@abc.net.au,Female,233.173.222.63
386,Josi,Selwyne,jselwyneap@google.co.uk,Female,37.82.14.95
387,Meryl,Upston,mupstonaq@google.co.jp,Female,181.83.187.106
388,Artemis,Delahunty,adelahuntyar@a8.net,Male,199.50.72.50
389,Harold,Guidoni,hguidonias@reference.com,Male,37.160.178.147
390,Olav,Wadlow,owadlowat@rediff.com,Male,69.167.23.167
391,Selig,Shercliff,sshercliffau@chicagotribune.com,Male,222.111.79.139
392,Ephraim,Chaize,echaizeav@desdev.cn,Male,234.249.159.2
393,Leelah,Rubenfeld,lrubenfeldaw@guardian.co.uk,Female,191.153.140.3
394,Danice,Fellows,dfellowsax@fastcompany.com,Female,81.193.229.158
395,Franciskus,Dunniom,fdunniomay@joomla.org,Male,239.159.230.210
396,Constancia,Tryhorn,ctryhornaz@hao123.com,Female,254.136.16.148
397,Burlie,Plackstone,bplackstoneb0@cdbaby.com,Male,162.89.199.171
398,Duke,Wannop,dwannopb1@studiopress.com,Male,202.81.28.0
399,Esmeralda,Batch,ebatchb2@networksolutions.com,Female,166.227.76.187
400,Kimberlee,Pley,kpleyb3@prlog.org,Female,12.97.146.154
401,Amye,Ubach,aubachb4@de.vu,Genderqueer,239.162.20.249
402,Del,Heinsen,dheinsenb5@xrea.com,Female,188.45.148.238
403,Eddie,Fynes,efynesb6@yahoo.com,Female,227.76.65.219
404,Dominique,Morton,dmortonb7@ft.com,Male,127.116.248.253
405,Paulie,Maddigan,pmaddiganb8@diigo.com,Genderqueer,227.91.53.128
406,Marni,Milington,mmilingtonb9@cpanel.net,Female,22.59.164.164
407,Iorgo,Abbate,iabbateba@ezinearticles.com,Male,245.240.11.255
408,Florette,Simek,fsimekbb@delicious.com,Female,244.181.142.75
409,Alleen,Gorring,agorringbc@ow.ly,Female,32.68.233.179
410,Mace,Gillopp,mgilloppbd@shop-pro.jp,Male,239.7.97.189
411,Brandi,Swyer,bswyerbe@tripadvisor.com,Polygender,83.117.205.88
412,Denver,Scrivener,dscrivenerbf@whitehouse.gov,Male,226.39.120.138
413,Jone,Brilleman,jbrillemanbg@topsy.com,Male,44.198.119.69
414,Frasier,Pirelli,fpirellibh@pbs.org,Male,158.134.54.164
415,Harrison,Clarae,hclaraebi@hud.gov,Bigender,222.24.149.241
416,Aviva,Bartosek,abartosekbj@bigcartel.com,Female,121.59.47.194
417,Bard,Anyene,banyenebk@blogtalkradio.com,Male,44.226.208.76
418,Holly,Bugg,hbuggbl@usnews.com,Female,66.145.25.68
419,Lidia,Cregan,lcreganbm@github.io,Female,52.153.248.49
420,Elfreda,Rodolf,erodolfbn@ehow.com,Female,133.114.58.100
421,Monah,Voice,mvoicebo@yandex.ru,Female,255.24.62.233
422,Raphael,Swetland,rswetlandbp@bloomberg.com,Male,90.242.148.80
423,Giorgi,McGlaud,gmcglaudbq@who.int,Male,86.150.103.68
424,Harmony,MacCurley,hmaccurleybr@nbcnews.com,Female,75.77.176.192
425,Gothart,St Leger,gstlegerbs@yahoo.com,Male,177.226.254.104
426,Wells,Skule,wskulebt@cmu.edu,Male,133.231.57.213
427,Kara-lynn,Crolla,kcrollabu@huffingtonpost.com,Female,158.118.25.147
428,Elliott,Trower,etrowerbv@51.la,Male,110.194.158.110
429,Ashlin,Inkles,ainklesbw@stanford.edu,Male,116.177.97.91
430,Mathian,Thorlby,mthorlbybx@ted.com,Male,178.130.16.132
431,Hamel,Gansbuhler,hgansbuhlerby@ycombinator.com,Male,168.87.171.73
432,Roxana,Martinovsky,rmartinovskybz@wisc.edu,Female,122.248.97.164
433,Lisabeth,Grumley,lgrumleyc0@weebly.com,Female,95.251.74.20
434,Bartholomeo,Lancett,blancettc1@wikia.com,Male,17.179.100.35
435,Darnall,Hannaford,dhannafordc2@fda.gov,Male,74.239.179.130
436,Clea,Verty,cvertyc3@oaic.gov.au,Polygender,4.120.121.106
437,Emlynn,Megarry,emegarryc4@disqus.com,Female,229.133.224.59
438,Farly,Betjes,fbetjesc5@statcounter.com,Male,28.107.124.217
439,Bucky,Frogley,bfrogleyc6@joomla.org,Male,197.7.85.143
440,Anna-maria,Tysall,atysallc7@marketwatch.com,Female,45.179.212.231
441,Tillie,Dunn,tdunnc8@studiopress.com,Female,224.227.115.65
442,Lorri,Pagett,lpagettc9@tuttocitta.it,Female,160.150.150.184
443,Coraline,Trainer,ctrainerca@dropbox.com,Female,222.139.145.158
444,Bernardine,Bisseker,bbissekercb@printfriendly.com,Female,225.15.59.17
445,Valentine,Kolyagin,vkolyagincc@cisco.com,Male,177.184.132.67
446,Antons,Keppin,akeppincd@yellowbook.com,Male,104.3.129.127
447,Cheslie,Jamary,cjamaryce@samsung.com,Female,129.54.30.173
448,Valentine,Baffin,vbaffincf@homestead.com,Female,171.219.207.112
449,Courtenay,Windle,cwindlecg@php.net,Female,241.21.243.88
450,Orelia,Bage,obagech@google.com.br,Female,37.215.20.220
451,Erek,Smallcomb,esmallcombci@whitehouse.gov,Male,126.239.194.50
452,Kassi,Joscelin,kjoscelincj@dyndns.org,Female,162.89.174.45
453,Duncan,Dutt,dduttck@hud.gov,Male,48.6.67.32
454,Dreddy,Collingdon,dcollingdoncl@reuters.com,Female,193.73.89.138
455,Averill,Clash,aclashcm@china.com.cn,Male,202.217.221.155
456,Cordula,Challin,cchallincn@studiopress.com,Female,239.62.220.129
457,Nickola,MacKill,nmackillco@huffingtonpost.com,Male,249.158.45.43
458,Winn,Fooks,wfookscp@senate.gov,Male,98.47.203.139
459,Fee,Housegoe,fhousegoecq@umn.edu,Male,37.98.174.246
460,Demott,Trimble,dtrimblecr@simplemachines.org,Male,134.22.7.210
461,Arni,Bonavia,abonaviacs@alibaba.com,Male,120.54.79.7
462,Allys,Atling,aatlingct@163.com,Female,118.73.160.163
463,Heath,Shillitoe,hshillitoecu@comsenz.com,Male,33.246.109.163
464,Danette,Reisenstein,dreisensteincv@nps.gov,Female,226.116.152.25
465,Hewie,Bagby,hbagbycw@pcworld.com,Male,250.94.65.140
466,Horst,Croy,hcroycx@ustream.tv,Male,46.65.67.73
467,Ruperta,Oliphant,roliphantcy@spiegel.de,Female,131.61.181.118
468,Irving,Andersson,ianderssoncz@marriott.com,Male,164.146.244.209
469,Bliss,Sissland,bsisslandd0@oracle.com,Female,21.230.72.108
470,Haley,Pitway,hpitwayd1@dmoz.org,Male,150.82.70.115
471,Rance,Cancelier,rcancelierd2@examiner.com,Male,32.211.146.60
472,Jamie,Chastand,jchastandd3@ihg.com,Female,82.174.248.109
473,Eliot,Grills,egrillsd4@lulu.com,Genderfluid,69.116.68.138
474,Fredric,Hearst,fhearstd5@army.mil,Male,17.244.216.185
475,Dora,Garrie,dgarried6@sciencedaily.com,Female,112.229.196.200
476,Timmie,Gainsburgh,tgainsburghd7@vimeo.com,Male,235.141.229.103
477,Say,Clapperton,sclappertond8@desdev.cn,Male,153.48.25.43
478,Adiana,Bolles,abollesd9@intel.com,Female,120.179.50.100
479,Nicoline,Yelding,nyeldingda@foxnews.com,Genderfluid,129.156.251.49
480,Kiley,Roscow,kroscowdb@guardian.co.uk,Male,186.166.181.63
481,Tanhya,Orsman,torsmandc@comsenz.com,Female,239.127.117.118
482,Allen,Montez,amontezdd@paypal.com,Male,39.172.137.239
483,Bailey,Longmire,blongmirede@census.gov,Male,178.252.72.200
484,Antonietta,Spellicy,aspellicydf@amazon.co.jp,Female,103.42.8.46
485,Lawrence,Winders,lwindersdg@tinyurl.com,Male,205.244.107.129
486,Clareta,Boydell,cboydelldh@xinhuanet.com,Female,22.20.63.103
487,Simone,Bromwich,sbromwichdi@gizmodo.com,Male,233.140.159.17
488,Mathilde,Pedrollo,mpedrollodj@cdc.gov,Female,107.241.151.219
489,Barr,Sallter,bsallterdk@tmall.com,Male,155.143.141.77
490,Sven,Robelin,srobelindl@w3.org,Male,55.131.159.186
491,Erica,Dark,edarkdm@jugem.jp,Female,175.195.115.14
492,Felecia,Melling,fmellingdn@google.it,Female,60.137.16.117
493,Orin,Oaks,ooaksdo@washingtonpost.com,Male,199.190.137.78
494,Dallas,Shreve,dshrevedp@slideshare.net,Male,105.145.223.86
495,Willie,Gerant,wgerantdq@vk.com,Male,47.115.81.12
496,Lyndsay,Casbolt,lcasboltdr@sohu.com,Female,123.71.69.213
497,Kermie,Heisham,kheishamds@nih.gov,Male,216.247.174.43
498,Flossie,Onn,fonndt@google.com.br,Genderfluid,40.100.253.158
499,Chrisse,Bearblock,cbearblockdu@cnet.com,Male,34.65.197.244
500,Michale,M'Chirrie,mmchirriedv@bluehost.com,Male,50.239.111.92
501,Sandro,Suerz,ssuerzdw@symantec.com,Male,173.27.121.16
502,Gino,Frantz,gfrantzdx@yelp.com,Genderfluid,95.87.184.190
503,Ilario,Starkings,istarkingsdy@bloomberg.com,Male,22.232.166.212
504,Jedd,Houldin,jhouldindz@slashdot.org,Male,91.104.158.143
505,Clementine,Emps,cempse0@privacy.gov.au,Female,109.207.33.173
506,Zared,Prydie,zprydiee1@apache.org,Male,97.248.212.83
507,Kirsten,Stelfox,kstelfoxe2@seesaa.net,Female,91.41.50.219
508,Dilan,Hrinchishin,dhrinchishine3@sogou.com,Male,240.171.58.104
509,Krista,Blindmann,kblindmanne4@nifty.com,Female,183.195.51.167
510,Maegan,Plumbridge,mplumbridgee5@networksolutions.com,Female,206.76.83.52
511,Irena,Hairyes,ihairyese6@cyberchimps.com,Female,244.33.35.106
512,Leonhard,Wakely,lwakelye7@elpais.com,Male,96.118.177.223
513,Ardith,Bengough,abengoughe8@fastcompany.com,Female,11.237.44.78
514,Theodore,Ormond,tormonde9@macromedia.com,Male,140.97.214.3
515,Giffard,Topping,gtoppingea@businessweek.com,Male,110.168.237.162
516,Maybelle,Stang-Gjertsen,mstanggjertseneb@economist.com,Female,12.164.153.174
517,Estell,Jonuzi,ejonuziec@php.net,Female,43.181.203.175
518,Dennison,Springtorp,dspringtorped@blogspot.com,Male,108.118.225.206
519,Phaedra,McBeth,pmcbethee@loc.gov,Bigender,42.65.118.43
520,Farica,Gonnel,fgonnelef@mtv.com,Agender,78.74.89.10
521,Gabriel,Pascall,gpascalleg@reuters.com,Female,111.229.181.9
522,Florance,Dacke,fdackeeh@woothemes.com,Female,253.173.241.164
523,Barclay,Hatchman,bhatchmanei@icq.com,Male,37.214.194.17
524,Brnaba,Rannie,brannieej@quantcast.com,Male,180.14.217.42
525,Ame,Giacomozzo,agiacomozzoek@army.mil,Female,117.245.104.198
526,Cacilia,Coger,ccogerel@4shared.com,Female,87.197.226.0
527,Caralie,Geldert,cgeldertem@latimes.com,Female,46.227.56.190
528,Rebecka,Roman,rromanen@about.com,Female,241.55.55.120
529,Man,Guyot,mguyoteo@tmall.com,Male,103.213.98.231
530,Bab,Kinver,bkinverep@indiegogo.com,Female,126.42.146.214
531,Torr,Laugheran,tlaugheraneq@wiley.com,Male,219.100.68.134
532,Ed,Kernocke,ekernockeer@creativecommons.org,Non-binary,153.78.231.132
533,Hakim,Fellnee,hfellneees@samsung.com,Male,223.125.192.74
534,Holmes,Nund,hnundet@ed.gov,Male,15.7.193.148
535,Taffy,Gosneye,tgosneyeeu@unc.edu,Female,6.185.227.205
536,Elaina,Diess,ediessev@blogger.com,Female,202.15.101.219
537,Willard,Bissill,wbissillew@washington.edu,Male,164.188.205.219
538,Aldin,Beaman,abeamanex@jiathis.com,Male,42.214.70.121
539,Mortimer,Noon,mnooney@g.co,Male,150.67.108.5
540,Neils,Causon,ncausonez@drupal.org,Male,198.215.43.175
541,Kelli,Kupka,kkupkaf0@netvibes.com,Bigender,44.109.208.183
542,Hewitt,Lambourne,hlambournef1@adobe.com,Male,5.113.31.155
543,Brody,Pirt,bpirtf2@shutterfly.com,Male,59.234.138.29
544,Si,Youings,syouingsf3@go.com,Male,202.40.83.231
545,Brent,Cutts,bcuttsf4@amazonaws.com,Male,240.200.200.161
546,Pascale,O'Noland,ponolandf5@usnews.com,Male,54.226.178.87
547,Gerhard,Courson,gcoursonf6@spiegel.de,Male,12.158.168.218
548,Morty,Breeton,mbreetonf7@irs.gov,Male,197.141.128.91
549,Lynnette,Cremen,lcremenf8@stumbleupon.com,Female,115.58.143.93
550,Atalanta,Gherardini,agherardinif9@epa.gov,Female,56.153.175.16
551,Arther,Bauckham,abauckhamfa@youtube.com,Male,233.156.109.180
552,Lorine,Cudde,lcuddefb@networksolutions.com,Female,195.126.119.164
553,Sharleen,Cranmer,scranmerfc@newyorker.com,Female,198.42.188.212
554,Marion,Treadwell,mtreadwellfd@homestead.com,Male,46.231.71.144
555,Lynelle,Manton,lmantonfe@delicious.com,Female,181.167.3.52
556,Maryanne,Pudney,mpudneyff@japanpost.jp,Female,237.202.155.180
557,Bobbie,Lody,blodyfg@sina.com.cn,Female,26.41.51.75
558,Fey,Ferens,fferensfh@biblegateway.com,Female,3.241.153.35
559,Brigitte,Hemphrey,bhemphreyfi@spotify.com,Female,52.151.140.125
560,Isis,McBrier,imcbrierfj@nih.gov,Female,134.124.134.75
561,Clifford,Pietraszek,cpietraszekfk@123-reg.co.uk,Male,187.195.113.69
562,Russell,Middlewick,rmiddlewickfl@comcast.net,Male,132.229.180.217
563,Emmit,Kinvan,ekinvanfm@about.com,Male,166.176.39.65
564,Rudolfo,Coushe,rcoushefn@elpais.com,Male,177.251.89.40
565,Annadiana,Ewell,aewellfo@fema.gov,Female,159.115.194.192
566,Brion,Nund,bnundfp@wordpress.com,Male,84.30.213.152
567,Liuka,Jore,ljorefq@mail.ru,Female,243.191.78.113
568,Vincents,Poleye,vpoleyefr@weebly.com,Male,164.146.20.10
569,Astra,Barti,abartifs@dropbox.com,Female,184.47.82.53
570,Cahra,Hammerberger,chammerbergerft@hostgator.com,Female,65.161.143.174
571,Obadias,Boltwood,oboltwoodfu@163.com,Male,147.106.16.248
572,Tadeas,I'anson,tiansonfv@deliciousdays.com,Male,24.109.154.78
573,Gale,Froggatt,gfroggattfw@comcast.net,Male,99.124.166.220
574,Mason,Castledine,mcastledinefx@cmu.edu,Male,184.88.244.151
575,Gib,Lemm,glemmfy@yale.edu,Male,133.102.57.137
576,Zachery,Crowcum,zcrowcumfz@google.ru,Male,57.72.34.165
577,Yehudit,Carayol,ycarayolg0@chicagotribune.com,Male,189.48.33.139
578,Tabbi,Fenna,tfennag1@furl.net,Female,74.190.69.117
579,Maury,Pattemore,mpattemoreg2@craigslist.org,Male,203.43.69.255
580,Domeniga,Leverette,dleveretteg3@cisco.com,Female,217.123.245.91
581,Roldan,Bartolomucci,rbartolomuccig4@hubpages.com,Male,54.199.193.45
582,Roxine,Leasor,rleasorg5@omniture.com,Female,166.54.194.32
583,Griffy,Plesing,gplesingg6@go.com,Male,2.14.219.43
584,Haleigh,Subhan,hsubhang7@yale.edu,Male,8.163.193.29
585,Lindie,Suggitt,lsuggittg8@china.com.cn,Female,38.183.249.47
586,Cal,Davioud,cdavioudg9@cnn.com,Female,207.163.175.241
587,Othello,Truter,otruterga@tripod.com,Male,179.55.229.25
588,Gnni,Bouller,gboullergb@latimes.com,Female,2.219.226.86
589,Shell,Trigwell,strigwellgc@sphinn.com,Female,217.227.220.84
590,Roldan,De Fraine,rdefrainegd@pinterest.com,Male,213.239.40.53
591,Inger,Harriman,iharrimange@live.com,Male,103.174.196.28
592,Ninnetta,Konke,nkonkegf@dot.gov,Female,238.235.147.109
593,Irena,Brickhill,ibrickhillgg@dailymotion.com,Female,81.68.221.1
594,Birgit,Warnock,bwarnockgh@google.com.br,Female,49.34.116.127
595,Mycah,Oldknowe,moldknowegi@theguardian.com,Male,83.159.254.181
596,Quill,Allchorn,qallchorngj@bloglovin.com,Male,249.175.18.13
597,Walliw,Palffrey,wpalffreygk@bigcartel.com,Female,247.230.10.84
598,Cinnamon,Lilburn,clilburngl@netlog.com,Female,27.196.204.181
599,Reiko,Parysowna,rparysownagm@addthis.com,Genderqueer,66.102.222.85
600,Guido,Down,gdowngn@surveymonkey.com,Male,43.213.251.121
601,Bethanne,Mibourne,bmibournego@forbes.com,Female,189.19.171.92
602,Arlena,Campsall,acampsallgp@shutterfly.com,Genderfluid,118.231.161.228
603,Yolane,Halbard,yhalbardgq@artisteer.com,Female,195.119.0.184
604,Cullan,Vynoll,cvynollgr@moonfruit.com,Male,248.37.99.10
605,Lenard,Baraclough,lbaracloughgs@msu.edu,Male,177.36.69.139
606,Randee,Mankor,rmankorgt@tiny.cc,Female,144.39.92.196
607,Ilario,Jakucewicz,ijakucewiczgu@posterous.com,Male,210.59.63.217
608,Jeanie,Stag,jstaggv@list-manage.com,Female,188.7.25.91
609,Susan,Nockells,snockellsgw@fotki.com,Non-binary,246.100.95.183
610,Russell,Tillyer,rtillyergx@printfriendly.com,Non-binary,104.6.194.156
611,Judd,Klemps,jklempsgy@livejournal.com,Male,249.208.203.139
612,Brooke,Kightly,bkightlygz@bluehost.com,Male,248.215.199.4
613,Libbey,Bane,lbaneh0@reference.com,Female,213.189.32.15
614,Doyle,Grichukhin,dgrichukhinh1@utexas.edu,Male,4.43.17.237
615,Kriste,Clyant,kclyanth2@g.co,Female,244.110.96.128
616,Carlie,Cutforth,ccutforthh3@amazon.com,Male,14.10.194.71
617,Currey,Newborn,cnewbornh4@go.com,Male,254.188.49.109
618,Lilas,Fearn,lfearnh5@yellowpages.com,Female,218.5.217.251
619,Duncan,Slidders,dsliddersh6@umn.edu,Male,62.66.169.122
620,Janel,Yerrell,jyerrellh7@hatena.ne.jp,Bigender,13.1.235.185
621,Wyn,Richarson,wricharsonh8@moonfruit.com,Male,12.208.90.185
622,Rick,Jenkison,rjenkisonh9@imdb.com,Male,219.218.67.181
623,Lydon,Yurchishin,lyurchishinha@reddit.com,Male,14.246.247.97
624,Randy,Ladbury,rladburyhb@howstuffworks.com,Male,156.102.226.217
625,Sybil,Priddy,spriddyhc@shutterfly.com,Female,146.192.85.200
626,Leicester,Gaze,lgazehd@mashable.com,Male,211.100.45.72
627,Brooks,Kamienski,bkamienskihe@engadget.com,Female,246.255.71.30
628,Zara,Slite,zslitehf@ocn.ne.jp,Female,234.29.36.132
629,Audre,Brownlee,abrownleehg@edublogs.org,Female,169.34.120.48
630,Gearalt,Atty,gattyhh@narod.ru,Male,113.144.0.2
631,Leonie,Bowerman,lbowermanhi@gnu.org,Female,233.195.106.83
632,Elfrida,Parrington,eparringtonhj@shop-pro.jp,Female,163.230.210.190
633,Julee,Dignan,jdignanhk@patch.com,Female,155.170.243.166
634,Cathy,MacNamee,cmacnameehl@prweb.com,Female,62.172.88.202
635,Lem,Britten,lbrittenhm@naver.com,Male,173.104.82.169
636,Reamonn,Okroy,rokroyhn@ox.ac.uk,Genderqueer,241.156.37.70
637,Bernie,Evert,bevertho@amazonaws.com,Male,166.100.164.66
638,Edvard,Edmands,eedmandshp@fastcompany.com,Male,178.24.50.132
639,Wernher,Sarten,wsartenhq@t.co,Male,40.4.92.62
640,Averill,Tuddenham,atuddenhamhr@booking.com,Male,107.35.6.152
641,Heidi,Flecknell,hflecknellhs@latimes.com,Female,83.187.240.107
642,Allegra,Bellefant,abellefantht@amazonaws.com,Female,64.215.205.9
643,Jillana,Emnoney,jemnoneyhu@psu.edu,Female,243.109.17.73
644,Steffen,Chalke,schalkehv@g.co,Male,112.0.45.35
645,Seamus,Feige,sfeigehw@bbc.co.uk,Male,227.35.179.165
646,Georgetta,Matokhnin,gmatokhninhx@home.pl,Genderfluid,173.159.197.248
647,Lorianne,Kellington,lkellingtonhy@amazon.de,Female,32.237.167.203
648,Kissee,Hampshire,khampshirehz@shutterfly.com,Female,69.101.96.95
649,Hadley,Burberry,hburberryi0@sohu.com,Male,248.183.152.203
650,Prudence,Leger,plegeri1@mac.com,Female,170.53.195.207
651,Noni,Laister,nlaisteri2@examiner.com,Agender,172.50.185.241
652,Quent,Lipscomb,qlipscombi3@paginegialle.it,Male,216.108.28.57
653,Margery,Redshaw,mredshawi4@theglobeandmail.com,Female,58.167.159.104
654,Adolphe,Tabart,atabarti5@etsy.com,Male,91.16.144.204
655,Michaela,Levington,mlevingtoni6@amazon.co.jp,Female,237.199.114.6
656,Janis,Enns,jennsi7@mashable.com,Bigender,194.161.74.211
657,Skipton,Overthrow,soverthrowi8@cdc.gov,Male,183.67.115.135
658,Dill,Arnold,darnoldi9@nsw.gov.au,Genderqueer,193.69.22.85
659,Alastair,Shreve,ashreveia@phpbb.com,Agender,77.136.107.106
660,Henri,Bushill,hbushillib@soup.io,Male,140.61.144.49
661,Harald,Crame,hcrameic@1688.com,Male,107.111.215.69
662,Randolph,Nairy,rnairyid@fastcompany.com,Male,91.136.7.158
663,Barbie,Sweedland,bsweedlandie@pbs.org,Genderfluid,10.39.29.54
664,Leanor,Roote,lrooteif@amazon.co.jp,Female,215.148.172.111
665,Kalindi,Pedycan,kpedycanig@cdbaby.com,Female,228.131.122.14
666,Rick,Stainburn,rstainburnih@google.com.br,Male,71.77.57.106
667,Linnell,Wedmore.,lwedmoreii@dell.com,Female,170.9.68.58
668,Hilliary,Canham,hcanhamij@mayoclinic.com,Female,102.171.36.63
669,Sandra,Babbe,sbabbeik@webnode.com,Female,95.20.53.20
670,Glennis,Schriren,gschrirenil@go.com,Female,56.128.4.207
671,Maisey,Simonin,msimoninim@constantcontact.com,Female,29.47.67.98
672,Margarete,Garfoot,mgarfootin@e-recht24.de,Female,209.212.210.71
673,Llewellyn,Feasey,lfeaseyio@netlog.com,Male,139.157.27.185
674,Rozina,Cracoe,rcracoeip@cnn.com,Genderqueer,46.205.250.232
675,Andeee,Pavese,apaveseiq@bloglovin.com,Non-binary,224.111.81.105
676,Paddy,Fleury,pfleuryir@yale.edu,Male,210.252.200.193
677,Carolus,Tayt,ctaytis@illinois.edu,Male,221.5.178.159
678,Sumner,Berre,sberreit@hc360.com,Genderfluid,160.234.149.1
679,Luce,Stacy,lstacyiu@uiuc.edu,Male,225.55.214.60
680,Liana,Perillo,lperilloiv@fc2.com,Female,39.113.102.191
681,Vinita,Fenney,vfenneyiw@jiathis.com,Female,153.72.35.52
682,Fremont,Whoston,fwhostonix@examiner.com,Male,138.254.117.237
683,Belia,Quinion,bquinioniy@alexa.com,Female,40.44.233.71
684,Erek,Crocker,ecrockeriz@pen.io,Genderqueer,242.79.230.72
685,Sylas,Payley,spayleyj0@bloomberg.com,Male,47.113.45.26
686,Basil,Mabson,bmabsonj1@usa.gov,Male,203.72.224.29
687,Berne,Ellsbury,bellsburyj2@hhs.gov,Male,87.113.234.135
688,Cordie,Hinckesman,chinckesmanj3@bbb.org,Female,207.16.44.213
689,Neron,Danielot,ndanielotj4@gov.uk,Male,47.173.91.191
690,Sinclare,Hansberry,shansberryj5@devhub.com,Male,23.201.80.100
691,Tani,Toopin,ttoopinj6@dailymotion.com,Female,95.45.29.47
692,Belva,Sawart,bsawartj7@wufoo.com,Female,113.24.7.233
693,Dory,Regis,dregisj8@cnn.com,Male,102.242.255.108
694,Jo,Domenici,jdomenicij9@msu.edu,Male,87.100.37.54
695,Shaylynn,Danielczyk,sdanielczykja@hexun.com,Female,225.11.232.163
696,Cassi,Offord,coffordjb@shinystat.com,Female,165.226.27.4
697,Gillie,Labbati,glabbatijc@a8.net,Female,36.118.223.33
698,Kaitlynn,Vanyutin,kvanyutinjd@blogtalkradio.com,Female,30.233.118.132
699,Corella,Ros,crosje@ca.gov,Female,81.233.136.48
700,Robenia,Huckett,rhuckettjf@timesonline.co.uk,Female,208.182.12.83
701,Marisa,Phidgin,mphidginjg@noaa.gov,Female,238.230.235.203
702,Faun,Skittrell,fskittrelljh@dmoz.org,Female,73.210.143.247
703,Gabie,Ginger,ggingerji@nationalgeographic.com,Female,80.82.41.201
704,Keith,Marchi,kmarchijj@cnbc.com,Male,126.95.218.14
705,Bordy,Taylorson,btaylorsonjk@loc.gov,Male,246.155.154.164
706,Patrica,Gilogly,pgiloglyjl@wordpress.org,Female,253.14.30.196
707,Ezekiel,Trivett,etrivettjm@mit.edu,Male,236.12.9.56
708,Adrian,Pidgley,apidgleyjn@qq.com,Female,252.202.135.38
709,Carroll,Roll,crolljo@gravatar.com,Female,62.48.244.249
710,Prescott,Clemonts,pclemontsjp@topsy.com,Male,6.218.211.162
711,Abner,Paybody,apaybodyjq@techcrunch.com,Male,106.148.211.152
712,Boyd,Buddock,bbuddockjr@uiuc.edu,Agender,71.90.229.173
713,Aili,Sexty,asextyjs@noaa.gov,Female,120.207.186.236
714,Tristam,Danby,tdanbyjt@cdbaby.com,Male,119.24.5.61
715,Letty,Ghelerdini,lghelerdiniju@merriam-webster.com,Agender,120.243.243.126
716,Byron,Ceyssen,bceyssenjv@clickbank.net,Male,62.31.90.185
717,Bird,Duling,bdulingjw@exblog.jp,Female,43.67.40.90
718,Gisela,Edrich,gedrichjx@barnesandnoble.com,Female,236.213.164.189
719,Claudell,Pipping,cpippingjy@cisco.com,Male,161.35.206.243
720,Kleon,Taill,ktailljz@gnu.org,Male,153.182.73.58
721,Twila,Callery,tcalleryk0@squidoo.com,Female,212.134.227.13
722,Edita,Neillans,eneillansk1@google.pl,Female,226.12.243.146
723,Katusha,Jacobi,kjacobik2@hhs.gov,Female,85.192.14.5
724,Sarah,Cassy,scassyk3@slashdot.org,Female,114.218.17.150
725,Danila,Sharpling,dsharplingk4@independent.co.uk,Female,53.101.63.181
726,Ram,St. Louis,rstlouisk5@apple.com,Male,248.183.33.13
727,Pepito,Penney,ppenneyk6@oracle.com,Male,105.48.183.57
728,Charlton,Cliss,cclissk7@delicious.com,Male,49.166.222.71
729,Mil,Kloska,mkloskak8@amazon.com,Polygender,231.252.195.114
730,Elspeth,Minney,eminneyk9@angelfire.com,Female,101.107.101.227
731,Willi,Spoure,wspoureka@dmoz.org,Female,199.147.147.102
732,Teodorico,Bolitho,tbolithokb@qq.com,Male,182.218.59.1
733,Jenifer,Wildblood,jwildbloodkc@cpanel.net,Female,253.55.79.64
734,Saidee,Burnard,sburnardkd@nydailynews.com,Female,7.251.154.19
735,Herb,Gawthrop,hgawthropke@drupal.org,Male,161.220.27.235
736,Helen,Stappard,hstappardkf@nsw.gov.au,Female,248.230.138.166
737,Ellie,Malone,emalonekg@pagesperso-orange.fr,Female,10.138.111.204
738,Bryana,Gellert,bgellertkh@dailymail.co.uk,Female,162.44.8.16
739,Wainwright,Pounsett,wpounsettki@desdev.cn,Male,56.15.195.116
740,Tobit,Oxley,toxleykj@weebly.com,Male,114.90.208.75
741,Vale,Vearnals,vvearnalskk@blogtalkradio.com,Male,196.132.50.246
742,Craggy,Reed,creedkl@smh.com.au,Male,236.11.206.185
743,Cicely,Koeppke,ckoeppkekm@mit.edu,Female,166.49.196.229
744,Lorine,Downs,ldownskn@dot.gov,Female,187.3.254.76
745,Efrem,Juschka,ejuschkako@youtube.com,Male,111.117.38.250
746,Oralle,Woof,owoofkp@alexa.com,Female,96.227.155.82
747,Fawnia,Sinney,fsinneykq@google.fr,Female,157.197.240.34
748,Ciel,Hickisson,chickissonkr@bbb.org,Female,208.24.160.75
749,Shela,Coate,scoateks@bloglovin.com,Female,94.164.166.216
750,Tony,Hauch,thauchkt@nationalgeographic.com,Male,206.156.98.249
751,Mehetabel,Gosford,mgosfordku@amazon.co.uk,Female,121.2.204.247
752,Renado,Rugiero,rrugierokv@ustream.tv,Male,2.246.178.223
753,Barron,Hassekl,bhasseklkw@cornell.edu,Male,240.163.213.57
754,Dorthea,Catford,dcatfordkx@elegantthemes.com,Female,14.110.106.41
755,Tommi,Tunder,ttunderky@unicef.org,Female,26.184.198.229
756,Marlene,Swansborough,mswansboroughkz@surveymonkey.com,Female,64.101.168.155
757,Barth,Lafay,blafayl0@ox.ac.uk,Male,88.254.177.204
758,Davida,Laidel,dlaidell1@friendfeed.com,Bigender,175.79.158.124
759,Lockwood,Brill,lbrilll2@tuttocitta.it,Polygender,172.228.186.11
760,Lowe,Zorzini,lzorzinil3@berkeley.edu,Male,35.236.17.16
761,Vittorio,Canby,vcanbyl4@mapquest.com,Male,23.82.140.188
762,Ker,Hadwen,khadwenl5@berkeley.edu,Male,127.37.131.25
763,Baudoin,McGeechan,bmcgeechanl6@booking.com,Male,164.135.146.125
764,Collen,Sones,csonesl7@economist.com,Female,133.118.84.222
765,Cheston,Leebetter,cleebetterl8@networkadvertising.org,Male,147.53.51.181
766,Aloysia,Emm,aemml9@gmpg.org,Female,187.18.1.205
767,Albrecht,Cardwell,acardwellla@hexun.com,Male,212.5.236.14
768,Angel,Ivy,aivylb@webs.com,Male,131.244.186.207
769,Ikey,Pawlata,ipawlatalc@goo.ne.jp,Male,158.250.42.237
770,Bendite,Urvoy,burvoyld@intel.com,Female,42.67.11.132
771,Wilmette,Force,wforcele@meetup.com,Female,205.133.121.30
772,Susana,Bowerbank,sbowerbanklf@quantcast.com,Female,42.0.120.38
773,Gabbi,Lincke,glinckelg@wordpress.org,Female,49.255.133.160
774,Marley,Baglin,mbaglinlh@stumbleupon.com,Female,96.117.234.19
775,Claudine,Crannell,ccrannellli@moonfruit.com,Female,195.235.63.110
776,Selby,Caldairou,scaldairoulj@shop-pro.jp,Male,179.93.239.109
777,Adara,Le Grys,alegryslk@storify.com,Female,166.74.154.25
778,Brana,Sutcliff,bsutcliffll@java.com,Female,98.121.60.103
779,Rhoda,Pavie,rpavielm@desdev.cn,Female,227.88.217.18
780,Chauncey,Hanrott,chanrottln@salon.com,Male,26.74.215.251
781,Tanhya,Jeary,tjearylo@chicagotribune.com,Female,97.42.74.44
782,Jolie,Alison,jalisonlp@whitehouse.gov,Female,55.58.30.177
783,Dannie,MacAloren,dmacalorenlq@hubpages.com,Male,106.24.15.161
784,Heidi,Domenc,hdomenclr@vistaprint.com,Female,72.131.163.5
785,Deloris,Krysztofiak,dkrysztofiakls@hp.com,Female,168.224.99.194
786,Munroe,Labat,mlabatlt@jalbum.net,Male,148.67.51.150
787,Abbie,Bilbee,abilbeelu@europa.eu,Female,166.9.202.212
788,Ynez,Eagar,yeagarlv@yale.edu,Female,153.33.146.70
789,Burk,Ewell,bewelllw@nifty.com,Polygender,166.237.117.139
790,Yevette,Braniff,ybranifflx@alexa.com,Female,36.248.86.68
791,Dedie,Brumfitt,dbrumfittly@umn.edu,Female,75.95.195.197
792,Elmo,Jurkowski,ejurkowskilz@hp.com,Bigender,5.113.205.49
793,Leta,Sprules,lsprulesm0@stumbleupon.com,Female,235.183.28.186
794,Sonnnie,Cowper,scowperm1@dailymotion.com,Female,177.207.44.51
795,Asa,Duligall,aduligallm2@ehow.com,Male,92.241.37.234
796,Reed,Dentith,rdentithm3@comsenz.com,Male,43.81.137.30
797,Jocelyn,Cannon,jcannonm4@fda.gov,Female,190.22.33.174
798,Celestia,Loftin,cloftinm5@microsoft.com,Female,130.153.139.219
799,Welbie,Chalkly,wchalklym6@360.cn,Male,182.33.23.15
800,Jodie,Kennedy,jkennedym7@microsoft.com,Female,21.48.74.158
801,Bowie,Stilldale,bstilldalem8@unesco.org,Male,196.109.175.137
802,Goldy,Tummons,gtummonsm9@abc.net.au,Female,155.109.26.94
803,Myrtle,Grigoryov,mgrigoryovma@msn.com,Female,254.115.59.32
804,Delmor,Legrice,dlegricemb@freewebs.com,Male,75.52.22.208
805,Osbourn,Ruff,oruffmc@soup.io,Male,222.254.100.128
806,Abby,Bruineman,abruinemanmd@list-manage.com,Female,161.202.189.69
807,Charmane,de Bullion,cdebullionme@topsy.com,Female,161.74.87.11
808,Erick,Sammes,esammesmf@examiner.com,Male,197.109.228.4
809,Beret,Conachie,bconachiemg@canalblog.com,Non-binary,135.171.222.170
810,Jania,holmes,jholmesmh@deliciousdays.com,Female,140.193.12.133
811,Maryellen,Wilbor,mwilbormi@alibaba.com,Bigender,63.235.148.181
812,Nicolea,Haney`,nhaneymj@examiner.com,Female,35.2.40.172
813,Zabrina,Weagener,zweagenermk@baidu.com,Female,105.2.231.28
814,Adair,Hadwen,ahadwenml@bloglines.com,Male,163.18.138.38
815,Danell,Di Pietro,ddipietromm@ask.com,Female,18.93.189.84
816,Noland,Hryniewicz,nhryniewiczmn@imgur.com,Male,180.73.222.188
817,Bobbette,Madoc-Jones,bmadocjonesmo@virginia.edu,Female,0.30.149.107
818,Marla,Bonwick,mbonwickmp@moonfruit.com,Female,35.148.58.222
819,Filmer,Colliver,fcollivermq@blinklist.com,Male,186.83.190.124
820,Dory,Hadingham,dhadinghammr@theglobeandmail.com,Female,39.157.167.68
821,Kalle,Di Gregorio,kdigregorioms@tinyurl.com,Male,255.35.253.196
822,Justis,Sobieski,jsobieskimt@boston.com,Male,36.136.169.9
823,Leland,Brundall,lbrundallmu@odnoklassniki.ru,Female,195.161.73.129
824,Leese,Skittle,lskittlemv@angelfire.com,Female,16.178.148.21
825,Aggi,Oxe,aoxemw@google.com.br,Female,135.10.255.17
826,Kaitlyn,Janny,kjannymx@toplist.cz,Female,236.145.161.72
827,Harold,Brolan,hbrolanmy@scientificamerican.com,Genderqueer,74.203.239.226
828,Kelsey,Crellin,kcrellinmz@twitpic.com,Agender,231.138.70.68
829,Vere,Osmar,vosmarn0@google.com.au,Female,253.195.38.69
830,Jennica,Kores,jkoresn1@dailymotion.com,Female,171.22.255.153
831,Thorny,Vinten,tvintenn2@mapy.cz,Male,63.158.136.92
832,Julie,Alcott,jalcottn3@gov.uk,Male,129.77.121.8
833,Benjie,Shrawley,bshrawleyn4@dion.ne.jp,Male,34.131.248.151
834,Dani,Janikowski,djanikowskin5@mac.com,Genderqueer,162.163.84.255
835,Lindi,Lanston,llanstonn6@xinhuanet.com,Genderqueer,78.214.61.224
836,Rois,Apthorpe,rapthorpen7@loc.gov,Female,201.150.34.80
837,Welsh,Hellen,whellenn8@springer.com,Male,178.87.62.122
838,Eldridge,Hathway,ehathwayn9@networksolutions.com,Genderfluid,82.247.200.103
839,Julee,Ewestace,jewestacena@homestead.com,Female,200.41.191.237
840,Perren,Stellman,pstellmannb@youtu.be,Male,223.120.18.223
841,Farah,Ebbrell,febbrellnc@netscape.com,Female,75.39.28.101
842,Verena,Reck,vrecknd@nhs.uk,Female,137.108.229.5
843,Archy,Stroobant,astroobantne@arizona.edu,Male,15.141.113.161
844,Moreen,Tinsey,mtinseynf@facebook.com,Bigender,200.49.94.84
845,Lenee,Ayliffe,layliffeng@sphinn.com,Female,243.72.50.203
846,Sharona,Keddy,skeddynh@unc.edu,Female,75.199.118.18
847,Courtnay,Dulinty,cdulintyni@nba.com,Female,97.186.178.169
848,Raleigh,Rizzone,rrizzonenj@rakuten.co.jp,Male,40.101.147.78
849,Rafaellle,Gerger,rgergernk@vk.com,Male,94.199.17.49
850,Sigrid,Laban,slabannl@shop-pro.jp,Non-binary,249.95.133.44
851,Theadora,Hiscoke,thiscokenm@biglobe.ne.jp,Female,220.186.234.75
852,Davin,McIlwraith,dmcilwraithnn@prweb.com,Male,38.250.18.1
853,Sammie,Pettingall,spettingallno@youtube.com,Male,172.89.9.62
854,Reeta,Dolman,rdolmannp@ed.gov,Female,24.21.10.75
855,Marcile,Roisen,mroisennq@kickstarter.com,Female,210.148.126.227
856,Lars,Kyteley,lkyteleynr@wufoo.com,Male,59.113.244.50
857,Denney,Brunnstein,dbrunnsteinns@guardian.co.uk,Male,181.142.93.125
858,Lotta,Buttrey,lbuttreynt@deliciousdays.com,Female,220.154.15.172
859,Issy,Trevaskus,itrevaskusnu@noaa.gov,Female,19.87.135.140
860,Cicily,Matoshin,cmatoshinnv@bravesites.com,Female,244.134.244.76
861,Abrahan,Biggs,abiggsnw@ihg.com,Male,42.68.92.102
862,Skylar,Norsister,snorsisternx@cbsnews.com,Male,4.14.225.192
863,Maryellen,Shakspeare,mshakspeareny@goo.ne.jp,Female,192.216.254.17
864,Farrand,Van Der Weedenburg,fvanderweedenburgnz@hatena.ne.jp,Female,88.152.220.182
865,Mort,McCafferky,mmccafferkyo0@odnoklassniki.ru,Male,157.17.176.193
866,Marcela,Lidden,mliddeno1@virginia.edu,Female,21.54.91.221
867,Sayers,Rodolphe,srodolpheo2@indiatimes.com,Male,62.38.87.19
868,Lorrin,Wanklyn,lwanklyno3@japanpost.jp,Agender,135.90.4.182
869,Pepillo,Verne,pverneo4@live.com,Male,91.45.131.233
870,Blinnie,Sawrey,bsawreyo5@vk.com,Female,207.206.220.89
871,Juieta,Gley,jgleyo6@narod.ru,Genderqueer,113.160.162.118
872,Kameko,Chessun,kchessuno7@auda.org.au,Female,191.155.109.97
873,Roch,Lamartine,rlamartineo8@pinterest.com,Female,199.237.207.116
874,Sibilla,Dionisi,sdionisio9@wikispaces.com,Genderfluid,196.6.203.43
875,Gustavus,Hobbema,ghobbemaoa@163.com,Male,138.69.248.55
876,Monica,Ocklin,mocklinob@bravesites.com,Genderfluid,29.94.196.161
877,Alta,Meah,ameahoc@indiatimes.com,Female,69.175.16.110
878,Averyl,Reast,areastod@jiathis.com,Female,87.57.212.14
879,Basil,Matczak,bmatczakoe@businessweek.com,Male,22.252.33.210
880,Howard,Dodridge,hdodridgeof@de.vu,Male,162.75.247.242
881,Jabez,Kirtley,jkirtleyog@hp.com,Male,27.164.87.251
882,Clark,Howison,chowisonoh@google.com.hk,Male,147.219.121.241
883,Vanessa,Meron,vmeronoi@symantec.com,Female,132.21.44.11
884,Danya,Perham,dperhamoj@samsung.com,Bigender,130.66.132.162
885,Abbey,Shurmore,ashurmoreok@hp.com,Genderfluid,28.127.121.14
886,Monte,Klausen,mklausenol@nsw.gov.au,Male,230.46.235.238
887,Ashil,Grimsdyke,agrimsdykeom@spiegel.de,Female,33.181.132.61
888,Donelle,Jarrel,djarrelon@nps.gov,Female,151.197.23.98
889,Hilario,Winder,hwinderoo@cmu.edu,Non-binary,20.43.154.123
890,Gard,Normabell,gnormabellop@ucoz.ru,Genderfluid,217.39.83.160
891,Ulises,Ivancevic,uivancevicoq@parallels.com,Male,36.55.213.26
892,Esra,Macconaghy,emacconaghyor@ftc.gov,Male,255.109.55.253
893,Claresta,Lazenby,clazenbyos@domainmarket.com,Female,228.222.23.116
894,Eduino,Gerrelts,egerreltsot@prweb.com,Genderqueer,27.59.147.108
895,Tamas,Hattersley,thattersleyou@bbc.co.uk,Male,190.116.161.3
896,Carleen,Orum,corumov@sakura.ne.jp,Agender,125.144.240.68
897,Binnie,Barrowcliff,bbarrowcliffow@yahoo.co.jp,Female,148.32.67.231
898,Carlie,Mackieson,cmackiesonox@amazon.com,Female,52.34.253.15
899,Zandra,Mixter,zmixteroy@wisc.edu,Female,10.238.57.222
900,Giordano,Northing,gnorthingoz@tripadvisor.com,Genderfluid,55.122.139.215
901,Doreen,Lewis,dlewisp0@wikipedia.org,Genderqueer,98.54.28.86
902,Isaac,Biddulph,ibiddulphp1@last.fm,Non-binary,189.175.35.223
903,Hillyer,Sline,hslinep2@hexun.com,Male,107.245.16.54
904,Giselbert,Hourston,ghourstonp3@digg.com,Agender,78.53.17.171
905,Vidovic,Garlant,vgarlantp4@netscape.com,Male,206.93.54.199
906,Dorie,Kumar,dkumarp5@apple.com,Male,222.249.251.167
907,Wilhelmine,Reford,wrefordp6@creativecommons.org,Female,152.174.218.222
908,Wildon,Shoesmith,wshoesmithp7@abc.net.au,Male,59.166.31.102
909,Seka,Oppery,sopperyp8@wp.com,Female,107.217.75.95
910,Mitchell,Breitler,mbreitlerp9@163.com,Male,248.104.122.162
911,Lyndsay,McPherson,lmcphersonpa@google.nl,Female,77.196.200.202
912,Stavro,Parkhouse,sparkhousepb@comsenz.com,Male,38.110.244.180
913,Kai,Tuffs,ktuffspc@google.co.uk,Female,152.202.196.112
914,Alphard,Speight,aspeightpd@dailymotion.com,Bigender,101.11.100.113
915,Geoffrey,Rouby,groubype@1688.com,Male,187.104.212.194
916,Mychal,McTrustrie,mmctrustriepf@list-manage.com,Male,195.23.70.53
917,Sigismond,Redwin,sredwinpg@howstuffworks.com,Male,252.11.98.239
918,Candie,De Blasio,cdeblasioph@vinaora.com,Female,6.190.54.250
919,Brendan,Thurby,bthurbypi@google.co.jp,Male,255.66.197.167
920,Heddi,Biswell,hbiswellpj@seesaa.net,Female,149.35.110.102
921,Sherwin,James,sjamespk@ihg.com,Male,57.93.218.216
922,Toby,Swoffer,tswofferpl@com.com,Female,133.164.140.90
923,Tiphany,Santi,tsantipm@ning.com,Female,22.23.119.196
924,Eberhard,Geary,egearypn@discuz.net,Male,243.7.230.21
925,Gavin,Challis,gchallispo@nyu.edu,Male,122.115.84.128
926,L;urette,Clack,lclackpp@vinaora.com,Female,163.131.246.0
927,Vin,Mountford,vmountfordpq@drupal.org,Genderfluid,156.77.59.62
928,Karlyn,McPartlin,kmcpartlinpr@narod.ru,Female,117.20.141.157
929,Brett,Isacke,bisackeps@over-blog.com,Male,253.96.129.72
930,Gaspard,Wimpeney,gwimpeneypt@blinklist.com,Male,244.9.56.143
931,Abagael,Evers,aeverspu@discovery.com,Female,110.47.19.187
932,Vidovic,Linacre,vlinacrepv@wikimedia.org,Male,176.139.222.52
933,Maureene,Wartnaby,mwartnabypw@canalblog.com,Female,39.131.78.187
934,Blaire,McMichael,bmcmichaelpx@hostgator.com,Female,155.21.207.151
935,William,Serridge,wserridgepy@nytimes.com,Male,229.255.197.76
936,Thebault,Bayne,tbaynepz@mlb.com,Male,83.187.68.71
937,Isaac,Websdale,iwebsdaleq0@nbcnews.com,Bigender,168.108.155.229
938,Stesha,Drohun,sdrohunq1@epa.gov,Female,64.42.247.193
939,Nataniel,Winterscale,nwinterscaleq2@deviantart.com,Male,128.16.138.252
940,Nikolai,Langshaw,nlangshawq3@alexa.com,Male,255.58.85.43
941,Gamaliel,Corby,gcorbyq4@home.pl,Male,81.210.119.97
942,Ernaline,Beahan,ebeahanq5@desdev.cn,Female,75.111.229.115
943,Daryle,Oles,dolesq6@dell.com,Male,189.34.56.130
944,Elonore,Voce,evoceq7@is.gd,Female,152.232.101.107
945,Jeromy,Neath,jneathq8@t.co,Male,14.253.8.93
946,Elysia,Tuppeny,etuppenyq9@prnewswire.com,Female,234.203.51.73
947,Barbara-anne,McCome,bmccomeqa@mail.ru,Polygender,239.60.186.147
948,Kizzee,Pattisson,kpattissonqb@delicious.com,Female,11.16.156.190
949,Kissee,Aspital,kaspitalqc@epa.gov,Bigender,90.17.50.36
950,Pierce,Allard,pallardqd@walmart.com,Male,75.132.226.42
951,Hogan,Roglieri,hroglieriqe@alexa.com,Male,63.21.45.180
952,Malissa,Weigh,mweighqf@wix.com,Female,181.23.117.59
953,Bird,Besnardeau,bbesnardeauqg@blogtalkradio.com,Female,16.24.0.118
954,Michaella,Roblin,mroblinqh@w3.org,Female,32.166.109.116
955,Daphene,Margett,dmargettqi@usnews.com,Female,199.67.129.200
956,Ethelda,Mabone,emaboneqj@uiuc.edu,Female,240.77.42.27
957,Alene,Galego,agalegoqk@gizmodo.com,Female,140.23.227.24
958,Deny,Twizell,dtwizellql@ebay.co.uk,Female,68.192.107.184
959,Jemie,Curedale,jcuredaleqm@bloomberg.com,Female,10.67.247.148
960,Ainslie,Greensted,agreenstedqn@msn.com,Female,13.21.28.17
961,Thalia,Salack,tsalackqo@gravatar.com,Female,61.17.89.132
962,Noland,McGeffen,nmcgeffenqp@vimeo.com,Male,74.97.244.145
963,Augustine,Dutton,aduttonqq@cyberchimps.com,Female,255.37.171.214
964,Tiena,Diboll,tdibollqr@google.com.hk,Female,109.186.206.226
965,Marley,Frascone,mfrasconeqs@csmonitor.com,Non-binary,62.100.68.24
966,Kelsey,Lamshead,klamsheadqt@mlb.com,Male,96.245.199.127
967,Elden,Breazeall,ebreazeallqu@ask.com,Male,25.90.78.25
968,Valery,Weepers,vweepersqv@fda.gov,Female,43.194.215.87
969,Maurine,Esseby,messebyqw@sciencedaily.com,Female,203.42.13.194
970,Timofei,Lahrs,tlahrsqx@mayoclinic.com,Male,23.97.201.251
971,Annalee,Bogies,abogiesqy@china.com.cn,Female,98.200.92.216
972,Werner,Gelland,wgellandqz@spotify.com,Male,149.22.249.106
973,Eldredge,Malenfant,emalenfantr0@topsy.com,Male,2.174.114.74
974,Ricki,Jagger,rjaggerr1@vinaora.com,Female,83.47.213.151
975,Nichole,Whibley,nwhibleyr2@fc2.com,Female,188.73.85.79
976,Shadow,Patridge,spatridger3@auda.org.au,Male,79.169.50.65
977,Lyndell,Lourens,llourensr4@vistaprint.com,Female,134.130.223.23
978,Whittaker,Frango,wfrangor5@sogou.com,Male,54.33.82.118
979,Kermie,Hourston,khourstonr6@sakura.ne.jp,Male,82.82.67.248
980,La verne,Segge,lsegger7@tamu.edu,Female,105.244.156.19
981,Tanner,Boatwright,tboatwrightr8@topsy.com,Male,156.116.156.250
982,Kerwin,Waycott,kwaycottr9@shinystat.com,Male,230.122.102.145
983,Gwennie,Janus,gjanusra@icio.us,Female,165.119.149.158
984,Elke,Zorzoni,ezorzonirb@auda.org.au,Female,155.23.227.234
985,Chantalle,Oscroft,coscroftrc@kickstarter.com,Female,174.121.194.31
986,Kellina,Siddell,ksiddellrd@japanpost.jp,Female,102.108.243.248
987,Freeman,Ching,fchingre@tumblr.com,Male,128.0.196.212
988,Levey,Iiannoni,liiannonirf@discovery.com,Male,113.15.138.194
989,Christos,Tireman,ctiremanrg@cpanel.net,Male,140.103.73.211
990,Celie,Marham,cmarhamrh@dyndns.org,Female,178.243.6.93
991,Nanice,Cummings,ncummingsri@scribd.com,Female,44.58.192.66
992,Ernestine,Rushford,erushfordrj@ted.com,Female,162.76.211.188
993,Annora,Tilly,atillyrk@lycos.com,Female,68.88.95.179
994,Catherin,Folger,cfolgerrl@printfriendly.com,Female,139.163.48.32
995,Amil,Wallworth,awallworthrm@shareasale.com,Female,80.61.142.76
996,Tracie,Ableson,tablesonrn@ezinearticles.com,Male,174.234.207.171
997,Celinda,Tyres,ctyresro@twitter.com,Female,55.204.2.84
998,Woodie,Clewlow,wclewlowrp@t.co,Male,168.161.163.133
999,Forrester,Runcie,fruncierq@constantcontact.com,Male,58.123.45.90
1000,Bryant,Laying,blayingrr@w3.org,Bigender,149.20.190.67
